{"Virtual images": {"_type": "images/separated", "width": 512, "height": 320, "format": "png", "count": 3, "captions": ["Virtual RGB", "Virtual Depth Map image with id 0", "Virtual Semantic Map image with id 0"]}, "Real images": {"_type": "images/separated", "width": 512, "height": 320, "format": "png", "count": 2, "captions": ["Real RGB", "Real Depth Map image with id 0"]}, "total loss": [8.141215182723887, 8.140760255086656, 8.141687240977232, 8.14117281949753], "epoch": 0, "silog_loss": 7.905111287429321, "bce": 0.0029403677247845537, "snr": [0.003835856041675087, 0.00338092840444556, 0.0043079142950216654, 0.0037934928153189364], "reconstruction": 0.22932767152810482, "_runtime": 104, "_timestamp": 1642773554, "_step": 9}