{"total loss": 0.539839728437631, "epoch": 0, "_runtime": 288, "_timestamp": 1642512595, "_step": 326, "silog_loss": 0.23516533724541389, "bce": 0.0027970113081405403, "snr": 0.003295084202727896, "reconstruction": 0.29858229568134864}