{"Virtual images": {"_type": "images/separated", "width": 512, "height": 320, "format": "png", "count": 3, "captions": ["Virtual RGB", "Virtual Depth Map image with id 0", "Virtual Semantic Map image with id 0"]}, "Real images": {"_type": "images/separated", "width": 512, "height": 320, "format": "png", "count": 2, "captions": ["Real RGB", "Real Depth Map image with id 0"]}, "total loss": 9.063156775015699, "epoch": 1, "silog_loss": 8.673597658529957, "bce": 0.0029025708990074776, "snr": 0.003807580971805504, "reconstruction": 0.38284896461492895, "_runtime": 301, "_timestamp": 1643414434, "_step": 11, "depth example": {"_type": "image-file", "path": "media/images/depth example_11_407cd450e44ca174ba3e.png", "sha256": "407cd450e44ca174ba3ecbb05d2693de8229927b29b0c34f2372bb180b9acd62", "size": 17557, "format": "png", "width": 512, "height": 320, "caption": "Depth Map image with id 1"}, "mean_iou_over_classes": 0.01284340862184763, "mean_iou": [0.22212766110897064, 0.0, 0.009027304127812386, 0.0, 0.0, 0.0, 0.0, 0.0, 2.6387770049041137e-05, 0.0, NaN, 0.0, 0.0, 0.0, 0.0, 0.0, 0.0, 0.0, 0.0]}