{"total loss": 0.7047963960509035, "epoch": 0, "_runtime": 315, "_timestamp": 1642519502, "_step": 359, "silog_loss": 0.6482631637320722, "bce": 0.0029136119373320696, "snr": 0.0028973338141194, "reconstruction": 0.05072228656737983}